{
  "income": 2986.0,
  "currency": "CNY",
  "period": "Sep 2026 - Jun 2027",
  "total_budget": 26650.247999999992,
  "saving_goal_monthly": 600.0,
  "saving_goal_annual": 7200.0,
  "categories": {
    "Other": {
      "type": "Want",
      "avg_monthly": 100.02999999999999,
      "monthly_budget": 90.0,
      "annual_budget": 1200.36,
      "monthly": [
        14.305708287513747,
        37.69869039288214,
        36.88893332000401,
        112.64620613815856,
        50.20493851844447,
        0.0,
        0.0,
        66.58002599220235,
        90.0
      ]
    },
    "Eating Out": {
      "type": "Want",
      "avg_monthly": 1001.390999999999,
      "monthly_budget": 550.0,
      "annual_budget": 12016.691999999988,
      "monthly": [
        569.1842646878197,
        814.1050798339518,
        712.963268094082,
        558.3313610767427,
        448.786238342466,
        437.6367472845276,
        946.2183103303314,
        446.4849394492266,
        550.0
      ]
    },
    "Transportation": {
      "type": "Need",
      "avg_monthly": 251.40700000000007,
      "monthly_budget": 480.0,
      "annual_budget": 3016.884000000001,
      "monthly": [
        516.3579375275947,
        726.0131977232135,
        395.59757683755817,
        566.8577247252462,
        524.8541210069726,
        416.9239519981543,
        753.9265016487208,
        373.85116563977925,
        480.0
      ]
    },
    "Transfers & Gifts": {
      "type": "Want",
      "avg_monthly": 167.48900000000003,
      "monthly_budget": 90.0,
      "annual_budget": 2009.8680000000004,
      "monthly": [
        128.34036862122286,
        19.075879610004236,
        64.4818465690284,
        111.16670348500497,
        12.35902059239711,
        89.19988775382262,
        193.6604791956486,
        230.45274615049343,
        90.0
      ]
    },
    "Shopping": {
      "type": "Want",
      "avg_monthly": 298.255,
      "monthly_budget": 140.0,
      "annual_budget": 3579.06,
      "monthly": [
        312.8624834453739,
        79.67544550803844,
        58.688705973076736,
        410.7880840220616,
        49.014433957519564,
        102.79794135890428,
        37.85217347571709,
        402.5548607734992,
        140.0
      ]
    },
    "Groceries": {
      "type": "Need",
      "avg_monthly": 296.50900000000024,
      "monthly_budget": 960.0,
      "annual_budget": 3558.108000000003,
      "monthly": [
        1864.7069734814106,
        1432.088739296277,
        815.4733920386897,
        605.1215983325965,
        943.8148589081607,
        554.6786100927791,
        1662.9997740372119,
        731.7147202951675,
        960.0
      ]
    },
    "Entertainment": {
      "type": "Want",
      "avg_monthly": 7.079999999999996,
      "monthly_budget": 20.0,
      "annual_budget": 84.95999999999995,
      "monthly": [
        20.0,
        20.0,
        20.0,
        20.0,
        20.0,
        20.0,
        20.0,
        20.0,
        20.0
      ]
    },
    "Health & Wellness": {
      "type": "Need",
      "avg_monthly": 55.4,
      "monthly_budget": 20.0,
      "annual_budget": 664.8,
      "monthly": [
        0.0,
        0.0,
        0.0,
        0.0,
        0.0,
        0.0,
        0.0,
        0.0,
        20.0
      ]
    },
    "Travel": {
      "type": "Need",
      "avg_monthly": 35.3,
      "monthly_budget": 20.0,
      "annual_budget": 423.59999999999997,
      "monthly": [
        0.0,
        0.0,
        0.0,
        0.0,
        0.0,
        0.0,
        0.0,
        30.02832861189802,
        20.0
      ]
    },
    "Utilities & Services": {
      "type": "Need",
      "avg_monthly": 7.993,
      "monthly_budget": 10.0,
      "annual_budget": 95.916,
      "monthly": [
        10.0,
        10.0,
        10.0,
        10.0,
        10.0,
        10.0,
        10.0,
        10.0,
        10.0
      ]
    },
    "Saving": {
      "type": "Need",
      "avg_monthly": 0.0,
      "monthly_budget": 600.0,
      "annual_budget": 0.0,
      "monthly": [
        600.0,
        600.0,
        600.0,
        600.0,
        600.0,
        600.0,
        600.0,
        600.0,
        600.0
      ]
    }
  }
}